{
  "generation": 9,
  "population": [
    [
      2,
      5,
      3,
      6,
      0,
      1
    ],
    [
      2,
      4,
      3,
      6,
      2,
      1
    ],
    [
      2,
      5,
      4,
      0,
      0,
      1
    ],
    [
      2,
      5,
      5,
      3,
      0,
      1
    ],
    [
      2,
      5,
      3,
      6,
      0,
      2
    ],
    [
      2,
      3,
      3,
      6,
      0,
      1
    ],
    [
      4,
      2,
      1,
      6,
      0,
      1
    ],
    [
      2,
      0,
      3,
      4,
      0,
      1
    ],
    [
      2,
      5,
      0,
      6,
      0,
      1
    ]
  ],
  "fitnesses": [
    0.9527897238731384,
    0.8755365014076233,
    0.9313304424285889,
    0.9356223344802856,
    0.9227467775344849,
    0.9356223344802856,
    0.8969957232475281,
    0.7510729432106018,
    0.9484978318214417
  ],
  "evaluated_hashes": [
    "55f729a6e1",
    "f21f28396b",
    "e12c280c23",
    "63590d0169",
    "ae42fecc7a",
    "837a4a94f5",
    "ac686a02de",
    "911cb61f48",
    "961ee4a5c6",
    "9bfb7a45eb",
    "9e827e42e6",
    "47967bb58b",
    "2ec587ed13",
    "94a96d2563",
    "405b168651",
    "b8e8aedeaa",
    "294fb85039",
    "2d84c4289f",
    "872f2c2143",
    "8cb192d9e7",
    "3ae60cf09a",
    "5dfe928a51",
    "325a230d8f",
    "d48d219003",
    "554e8324b0",
    "0cf0c1e828",
    "a8bebeb892",
    "739fcfb6c4",
    "40b607da49",
    "acc6b8c242",
    "42ba4a9931",
    "4bef6180d4",
    "7585fa7ef0",
    "de82212314",
    "d4558d02b2",
    "e50ce881a9",
    "89cc3eb493",
    "72526e5f8e",
    "5374856907",
    "6912fec148",
    "485a4a7cd8",
    "b15c48dd48",
    "e769a4046d",
    "168ea0c6f6",
    "14e9be88cf",
    "9398fbdd57",
    "645c8f93d2",
    "e77b47d79f",
    "7903f2142f",
    "a2998c3406",
    "d88a9fbb67",
    "eb9b835fae",
    "3cef0264e6",
    "53eea29770",
    "c0b7e8e409",
    "c73db89045",
    "98124702eb",
    "ce5b57a13c",
    "490b78f77c",
    "bae95d36c6",
    "f2a0266a7d",
    "a5d2fdad58",
    "3e3662d46b",
    "b8fae741fc",
    "62e44eb7bf",
    "c0804f385d",
    "b386386a98",
    "caab3122f4",
    "02cf9de36d",
    "5ed089901d",
    "ff3f2d81ba",
    "711e234939",
    "72f6d478fd",
    "2d06866b61",
    "e0275f098e",
    "d0f65103f6",
    "7943642e4c",
    "ce8fac0fbf",
    "7cf331f961",
    "7fe31cbebf",
    "b6b76d58aa",
    "c266a33a81",
    "194c082950",
    "39cc7bac73",
    "e905caf650",
    "722677d4a6",
    "28a7f96aaa",
    "705cd8c2aa",
    "670bafe766",
    "6d7577f110",
    "0cfa16ba5d",
    "121915bec8",
    "9c0c0676bf",
    "28a017baf7",
    "49cbaf4f20",
    "ba8f653d99",
    "3dcca08b96",
    "59226dd709",
    "70ec5e454f",
    "1135516dc2"
  ],
  "trial_counter": 100,
  "best_val_acc": 0.9527897238731384,
  "best_hyperparams": {
    "freezing_ratio": 0.85,
    "learning_rate": 0.005,
    "dropout_rate": 0.4,
    "l2_reg": 0.1,
    "optimizer": "adam",
    "batch_size": 16
  },
  "timestamp": "2026-05-28T19:43:52.636387"
}