{
  "generation": 9,
  "population": [
    [
      1,
      5,
      4,
      1,
      0,
      2
    ],
    [
      1,
      4,
      4,
      1,
      0,
      2
    ],
    [
      1,
      5,
      1,
      6,
      0,
      2
    ]
  ],
  "fitnesses": [
    0.9527897238731384,
    0.9098712205886841,
    0.9527897238731384
  ],
  "evaluated_hashes": [
    "77d90c2026",
    "4157ed342d",
    "f94ee4fe3a",
    "8186961610",
    "9aa589aa9f",
    "e85ca208d5",
    "a6321f498c",
    "77089ce34c",
    "8092823e20",
    "31529a055e",
    "ea7c7d4ad2",
    "ee21786599",
    "dd9bcf16c8",
    "ebaac40c37",
    "ad755172c3",
    "3ae60cf09a",
    "6d68439c19",
    "8965d752b4",
    "e32756914d",
    "5f49131bca",
    "2a10587d67",
    "2a4fa15a32",
    "e00b03e3d8",
    "8b210451d7",
    "a6c4da56ea",
    "3a0a0a9bd0",
    "b5a423a05a",
    "999aba971c",
    "b0c7dfa0bf",
    "dd8cc4f7ba",
    "6a49100c68",
    "69aec2bfdf",
    "4272b3b7d6",
    "ad145ab3e4",
    "3383a8feac",
    "e63bdff9b8",
    "99813135af",
    "c07908a552",
    "aa3a509ea5",
    "3df8f98e0f",
    "201bc0b02f",
    "d47f0d4b87",
    "c852907b57",
    "c2d7f71b39",
    "ff40a2e6e6",
    "ba22c34cb4",
    "0b2e4836a2",
    "96252a68b7",
    "1de4a43896",
    "2653504b10",
    "3ba034fc7d",
    "fea275dbd5",
    "a22b1ac62f",
    "9ba07c752e",
    "ed1ce5137d",
    "16c60a1690",
    "d0b0536f15",
    "3cef0264e6",
    "49ce3544ed",
    "20cb5cc105",
    "a847e08555",
    "33e64133ac",
    "09cbf8efed",
    "6a32fbea88",
    "c07d9a0e82",
    "771f42a076",
    "83c33dc1cb",
    "fd13e4eedc",
    "e07fad30d6",
    "ef3c9bc321",
    "8fd24b95dc",
    "70d7689895",
    "9e541cf583",
    "cd292cea72",
    "8829a8ef08",
    "72844daa12",
    "c7c06058a9",
    "d2569ee8c0",
    "bd148190a0",
    "a66c334342",
    "7ff8a13547",
    "8a3ebc52e7",
    "d2846b9ed1",
    "1af8fb56cd",
    "721c4a8b20",
    "d6232879ea",
    "58f8e3a498",
    "dd01b2c136",
    "5e8117e8d5",
    "99be6d782d",
    "beb4be89da",
    "9ca4a6b550",
    "4124e68b6a",
    "d6d46704d1",
    "6ef0bf6f99",
    "e5b5c84ac1",
    "61857e3794",
    "39cc7bac73",
    "661999770a",
    "b3a57daf7e"
  ],
  "trial_counter": 100,
  "best_val_acc": 0.9527897238731384,
  "best_hyperparams": {
    "freezing_ratio": 0.8,
    "learning_rate": 0.005,
    "dropout_rate": 0.5,
    "l2_reg": 0.002,
    "optimizer": "adam",
    "batch_size": 32
  },
  "timestamp": "2026-05-29T01:47:54.503202"
}