{
  "generation": 10,
  "prev_population": [
    [
      0.40327364919544717,
      3.6862532610506458,
      5.999999999,
      3.7077314225252147,
      1.5074126478575613,
      0.025268092537998
    ],
    [
      3.639814654603079,
      5.999999999,
      3.261749948792537,
      3.1079979664012867,
      1.3722395133733416,
      0.3282496155394946
    ],
    [
      0.0,
      3.850383491915916,
      5.999999999,
      2.094667309472656,
      0.29702239178821427,
      0.0
    ],
    [
      2.7225392612283708,
      5.999999999,
      5.709427875598802,
      3.0855505501427407,
      1.266320128643814,
      1.2282078656594222
    ],
    [
      4.58989795314557,
      4.832791245037935,
      5.999999999,
      4.926741971309503,
      1.8722856228041405,
      0.0
    ],
    [
      3.6238605817379055,
      5.103278149501183,
      2.2486520396227068,
      2.178633019122952,
      1.960825668622972,
      0.841899991724651
    ],
    [
      1.9901196777311068,
      5.143736387587419,
      5.999999999,
      2.348088808664196,
      1.3614023361068728,
      0.9656081732278264
    ],
    [
      0.0,
      3.902882680835636,
      0.0,
      0.0,
      1.2883317184997014,
      2.571079657146523
    ],
    [
      2.7242901752314994,
      4.5919358618224475,
      3.6249651030440337,
      2.1861707895531057,
      1.4910922727021652,
      0.0
    ],
    [
      1.1244630081330078,
      4.489561351514336,
      4.279608669723341,
      2.0852450964349636,
      0.8841891366892227,
      1.0523749896558137
    ]
  ],
  "prev_fitnesses": [
    0.9399141669273376,
    0.9313304424285889,
    0.9313304424285889,
    0.9527897238731384,
    0.9270386099815368,
    0.9313304424285889,
    0.9399141669273376,
    0.9313304424285889,
    0.9399141669273376,
    0.9442059993743896
  ],
  "curr_population": [],
  "curr_fitnesses": [],
  "evaluated_hashes": [
    "7eb6b41afd",
    "f773ca4de3",
    "ac4ff74abc",
    "1d76c0295c",
    "7402890a8b",
    "da52e50b43",
    "5e57ddabe6",
    "615b891bbb",
    "a00f2a456c",
    "6c7526de28",
    "0d5bb37293",
    "1e00920116",
    "9c66fda05b",
    "a2f636fa6a",
    "633381061c",
    "5bf7cdf8a1",
    "66350dbf4f",
    "899f4522d1",
    "05823e656e",
    "12ed4b021c",
    "f2d3b5657c",
    "96c41210f1",
    "12cbc14086",
    "d6ce7e691b",
    "0876fc99c1",
    "a00b9bd8ee",
    "bdabadffda",
    "c376248d70",
    "84c7655e80",
    "13f175f450",
    "401573f06e",
    "a51a301c93",
    "5f18f4f63b",
    "2e55e30b24",
    "989e8ad83d",
    "f38c31742b",
    "6eb04d7139",
    "872bd6aef5",
    "2573a5a53a",
    "cb80483f6a",
    "c6583a3382",
    "0fe0e5533c",
    "d4558d02b2",
    "c53d2e7593",
    "db4e552ae1",
    "fe2904609a",
    "94684055d7",
    "c8c66bafae",
    "66eabf72e7",
    "7fb73d40d7",
    "d120e843b2",
    "dd86a89c30",
    "e20688cf9f",
    "bd7683bf1d",
    "fd78cb5418",
    "4c651a5026",
    "ba390221fe",
    "236763d0d9",
    "1247e72077",
    "12de65fa0c",
    "24b1f2e0a5",
    "4c697a51b7",
    "3a1957b4b2",
    "b92ec69dc7",
    "be7038a9b5",
    "2ade04fb8a",
    "5cb0c1d2ba",
    "6619286d56",
    "f0eae5bf17",
    "57827154c1",
    "5dafbb1e99",
    "9b583b0962",
    "ce1108df78",
    "54f36077e5",
    "f190e208ee",
    "a90c4129a7",
    "46b1075051",
    "c0595229a1",
    "8c7d042f9b",
    "5420ece14f",
    "934dca4c16",
    "48e04569a0",
    "693b9ab635",
    "90b620ef5b",
    "3074c7324b",
    "8518d31c6a",
    "c29651f124",
    "2f038132eb",
    "dd67a7a97a",
    "63af6a9d93",
    "de3c08afb3",
    "d602057d8e",
    "3c04a440a1",
    "3fb011c285",
    "dee1b173c9",
    "c6b07cdff9",
    "7010c7fabc"
  ],
  "trial_counter": 100,
  "best_val_acc": 0.9527897238731384,
  "best_hyperparams": {
    "freezing_ratio": 0.85,
    "learning_rate": 0.005,
    "dropout_rate": 0.6,
    "l2_reg": 0.01,
    "optimizer": "adamw",
    "batch_size": 16
  },
  "rng_state": {
    "bit_generator": "PCG64",
    "state": {
      "state": 96542108791593096468078008878476534023,
      "inc": 87136372517582989555478159403783844777
    },
    "has_uint32": 0,
    "uinteger": 2544179151
  },
  "timestamp": "2026-05-29T07:55:52.650787"
}