{
  "generation": 10,
  "prev_population": [
    [
      2.816199855573017,
      5.999999999,
      5.2958251551239846,
      5.189422234317497,
      1.2952471152438279,
      2.784230717224056
    ],
    [
      3.0640132034716934,
      5.999999999,
      5.241028538556607,
      5.142820338370037,
      0.0,
      2.999999999
    ],
    [
      2.5837681224850666,
      3.5207914286288444,
      4.427026723752961,
      6.69387078385269,
      0.8526034912463744,
      1.9456416212394751
    ],
    [
      3.106835282709542,
      5.999999999,
      4.0161513322773335,
      6.999999999,
      2.264066444129345,
      1.1097557826785727
    ],
    [
      2.405372107492229,
      3.034793566462387,
      5.999999999,
      6.999999999,
      0.0,
      2.999999999
    ],
    [
      2.884288763362706,
      3.5207914286288444,
      4.5679871541296775,
      6.999999999,
      0.0,
      2.999999999
    ],
    [
      3.0640132034716934,
      4.4133065139624605,
      4.676818292349085,
      4.897916966252189,
      0.13209186589482824,
      2.999999999
    ],
    [
      2.082481104569104,
      5.693153949172284,
      5.456571954239318,
      5.189422234317497,
      1.7563745554688175,
      2.1094413554573204
    ],
    [
      3.161306408941293,
      4.704220102181337,
      3.4338809314818874,
      3.4519231325805473,
      1.2278687519342826,
      1.2823712080993277
    ],
    [
      2.9383113902002465,
      4.096722774473265,
      5.999999999,
      6.999999999,
      0.0,
      2.999999999
    ]
  ],
  "prev_fitnesses": [
    0.9527897238731384,
    0.9356223344802856,
    0.9270386099815369,
    0.9313304424285889,
    0.9399141669273376,
    0.9356223344802856,
    0.9442059993743896,
    0.9527897238731384,
    0.9399141669273376,
    0.9356223344802856
  ],
  "curr_population": [],
  "curr_fitnesses": [],
  "evaluated_hashes": [
    "eebf33267c",
    "dd559071d8",
    "903cffa83a",
    "c48df03e54",
    "01d3b872ae",
    "7942023225",
    "174dfb6392",
    "80a01adb64",
    "441328c574",
    "c682138883",
    "c7fb3ef9cc",
    "2dbfb59b32",
    "af7e1ac495",
    "1d64909ddd",
    "f70e5dffc3",
    "f4464534e7",
    "31529a055e",
    "de86ba450f",
    "5f0c38d0e8",
    "19288f119f",
    "f81395718a",
    "618408446f",
    "b06e8b2c52",
    "a982529057",
    "e0b04d45bc",
    "aa0ba83dc1",
    "b1f8387c61",
    "4739f62de4",
    "daa4ceb09a",
    "e623e46bde",
    "d673b1b11c",
    "9fa06cdb04",
    "990e22500d",
    "a930868a34",
    "66e12701f0",
    "e66ebe40d6",
    "d43799e3a6",
    "08d0ea27dc",
    "e6b363b416",
    "ec528c16a4",
    "a73f2a8dd8",
    "0796b7c637",
    "0625edfe18",
    "3a5e03a327",
    "e96b5b765b",
    "d211bbadce",
    "77a730616b",
    "83e767f18a",
    "f638afcc9b",
    "e2cab9df79",
    "9286351ba5",
    "08394df9cf",
    "1ed72b4f64",
    "4718ac9547",
    "723d9241c9",
    "48c8387aa1",
    "389ddc252a",
    "03aa5a5a0a",
    "6f277a7937",
    "f5a3c980f3",
    "bc2c607fa5",
    "5ada323d7a",
    "cc05ded4fe",
    "a7ef8a06b2",
    "68c5d44c38",
    "893e1a2a3f",
    "5c39e388e2",
    "95db87a80e",
    "3d90905d2e",
    "8c4d4d75f3",
    "0c949b952b",
    "03a5d70a4b",
    "e8e3969c0a",
    "8e7e1a5cfc",
    "488223ab34",
    "e5c22b63ad",
    "f723bb8315",
    "fc6050caf8",
    "4f29cdc252",
    "378a0101ff",
    "bbb56c0b8d",
    "4e69d098d0",
    "7a30b23098",
    "5e10370b85",
    "d2f8e9c4ce",
    "1319f67f33",
    "9261298e6c",
    "af0501df65",
    "fe4d5530cb",
    "1df0b8de39",
    "3285949f1a"
  ],
  "trial_counter": 100,
  "best_val_acc": 0.9527897238731384,
  "best_hyperparams": {
    "freezing_ratio": 0.85,
    "learning_rate": 0.005,
    "dropout_rate": 0.6,
    "l2_reg": 0.05,
    "optimizer": "adamw",
    "batch_size": 32
  },
  "rng_state": {
    "bit_generator": "PCG64",
    "state": {
      "state": 123885787702795406507442076793179526451,
      "inc": 222003063171874261427395693950637096479
    },
    "has_uint32": 0,
    "uinteger": 114224369
  },
  "timestamp": "2026-05-29T17:02:11.057499"
}