{
  "generation": 10,
  "prev_population": [
    [
      2.2641208470422893,
      4.328111312910744,
      2.934521966588364,
      6.360306134360928,
      1.0605939398624409,
      1.2677362357186204
    ],
    [
      1.4422036210038316,
      3.7418290395761775,
      5.363842105876513,
      6.999999999,
      0.0,
      0.02851689229316321
    ],
    [
      1.3638136036299864,
      5.999999999,
      3.860969374307089,
      6.999999999,
      1.9399784511116989,
      2.1209376099129766
    ],
    [
      3.426841070226012,
      3.16069841254151,
      4.715933634004668,
      4.585865696240578,
      0.0,
      2.253995026856768
    ],
    [
      2.247225360060798,
      2.7382926464413666,
      3.4034013614909226,
      3.9822195303648584,
      0.4438555999612056,
      0.8368029795141518
    ],
    [
      1.912412465031277,
      4.895570360255261,
      3.1074984011756763,
      6.1283669373727125,
      1.9004436994358525,
      1.2662994852367373
    ],
    [
      1.329384076151979,
      5.999999999,
      1.423859938987925,
      6.974312610767767,
      1.4172323558447,
      1.659576325908507
    ],
    [
      1.4254731106895802,
      3.7418290395761775,
      5.999999999,
      6.979450088414214,
      0.0,
      0.0
    ],
    [
      1.16887439692722,
      5.999999999,
      4.111672464499451,
      6.592245331349144,
      0.44579801997782387,
      1.8767605237479685
    ],
    [
      1.3502972140447933,
      5.999999999,
      4.236072890229136,
      6.999999999,
      1.4465877791907107,
      1.7761910049494016
    ]
  ],
  "prev_fitnesses": [
    0.9442059993743896,
    0.9484978318214417,
    0.9527897238731384,
    0.9399141669273376,
    0.9356223344802856,
    0.9399141669273376,
    0.9356223344802856,
    0.9484978318214417,
    0.9442059993743896,
    0.9442059993743896
  ],
  "curr_population": [],
  "curr_fitnesses": [],
  "evaluated_hashes": [
    "5f88cde37e",
    "cc6d6cb79b",
    "d2fe6696c8",
    "99b70ebceb",
    "357793a255",
    "3f2a008afb",
    "8d4244813c",
    "5dd309b222",
    "817d5dffe8",
    "daa4ceb09a",
    "55f729a6e1",
    "98f670b9bd",
    "bae95d36c6",
    "57c7bb7313",
    "9e535c519b",
    "2f81ba2ac4",
    "a83f2ecdc4",
    "a37916b622",
    "bdef83378e",
    "412fafb060",
    "41d61e121c",
    "107979b984",
    "6a1b6a9083",
    "54ee24b645",
    "23e364545d",
    "81d8a96b07",
    "9b71aa1a7f",
    "dea28d60d1",
    "218c937ae9",
    "b47ad32f27",
    "60d4ad1e1f",
    "72dca77529",
    "aa21a1110a",
    "452c006b9f",
    "a70c385de0",
    "3ca6bc2da1",
    "41e0677187",
    "c68d179871",
    "30df506a2a",
    "522f7129d2",
    "89094cf447",
    "82d31b44f0",
    "b1b3b8370b",
    "170d289b1e",
    "d88a9fbb67",
    "4125eb5958",
    "86edbad8a6",
    "2eddc84014",
    "c047155594",
    "6cb94df8e8",
    "ed221ccd60",
    "d2cfc2aca7",
    "83f93d0763",
    "4404aaad9f",
    "29c959e141",
    "ca9970b3a9",
    "bb13a87fcb",
    "635334a3f0",
    "cff66e99a6",
    "f3a48bd0eb",
    "7b151a5aa5",
    "e07fad30d6",
    "e0d9f8268e",
    "017ab286ee",
    "d42766019c",
    "d7b87a6891",
    "8172f44a3d",
    "a37c041d67",
    "401a2d1c2e",
    "69f969562b",
    "ce1d461c89",
    "13404f03f0",
    "7d7b1dfbea",
    "e35c849bcb",
    "768c664614",
    "b728a2b05e",
    "5fc5c79cd2",
    "b8576c9085",
    "90437b8487",
    "838db4c6bf",
    "4d4bc8cd25",
    "0e4cfbb01a",
    "3f2e277b51",
    "30f9a0a33a",
    "ce5b979092",
    "cab4d34808",
    "cbfcc2a439",
    "e9feda11f0",
    "25f65e5205",
    "d50828fb5f",
    "7be6291c28",
    "abcc4a7008",
    "dc24970dcb",
    "3fdbc66432",
    "91348b5512"
  ],
  "trial_counter": 100,
  "best_val_acc": 0.9527897238731384,
  "best_hyperparams": {
    "freezing_ratio": 0.8,
    "learning_rate": 0.005,
    "dropout_rate": 0.4,
    "l2_reg": 0.1,
    "optimizer": "adamw",
    "batch_size": 32
  },
  "rng_state": {
    "bit_generator": "PCG64",
    "state": {
      "state": 159786610923953336523570664197225150872,
      "inc": 278272906083703887290699702293328866393
    },
    "has_uint32": 0,
    "uinteger": 2281882411
  },
  "timestamp": "2026-05-29T18:52:44.470083"
}