{
  "generation": 10,
  "prev_population": [
    [
      2.091091863547676,
      5.999999999,
      0.0,
      6.999999999,
      0.9354943560314564,
      1.5872226994481258
    ],
    [
      2.6640005979013437,
      5.999999999,
      0.0,
      6.471974612225342,
      0.0,
      0.938439327502827
    ],
    [
      0.8875322147097393,
      5.390769120748827,
      0.0,
      6.999999999,
      0.4638380693818688,
      0.0
    ],
    [
      0.0,
      5.222232033091851,
      2.562305790039437,
      3.6998413316583862,
      0.0,
      1.1730491593785337
    ],
    [
      0.0,
      4.237075832309697,
      0.0,
      3.6998413316583862,
      0.37107045550549506,
      1.6537520689062999
    ],
    [
      2.6640005979013437,
      5.999999999,
      0.0,
      6.999999999,
      0.0,
      0.0
    ],
    [
      0.6250357801101447,
      4.768554748022307,
      1.723166398051509,
      6.999999999,
      0.4638380693818688,
      0.0
    ],
    [
      2.613864829434595,
      5.999999999,
      0.0,
      6.999999999,
      0.28851646317684054,
      0.31187096025091454
    ],
    [
      0.8875322147097393,
      4.768554748022307,
      1.512258914363749,
      6.999999999,
      0.4638380693818688,
      0.6008786369097077
    ],
    [
      0.0,
      4.146340375295788,
      3.7730110300830586,
      4.359873065126709,
      0.0,
      0.0
    ]
  ],
  "prev_fitnesses": [
    0.9484978318214417,
    0.9484978318214417,
    0.9442059993743896,
    0.9442059993743896,
    0.9484978318214417,
    0.9484978318214417,
    0.9527897238731384,
    0.9484978318214417,
    0.9527897238731384,
    0.9484978318214417
  ],
  "curr_population": [],
  "curr_fitnesses": [],
  "evaluated_hashes": [
    "8e1319386b",
    "0719ea38d7",
    "3403d5591d",
    "65861ae593",
    "0225162b2a",
    "ab078d5fb0",
    "ee94b1cca0",
    "f554caf8f1",
    "7eb6b41afd",
    "9f4b88436c",
    "bf5152b541",
    "caa84a24bf",
    "8064045f42",
    "87a44e1766",
    "10651f7bca",
    "d42ee305b8",
    "7e5f727a7f",
    "90bce4cf7d",
    "a8db52ae2b",
    "64bb736961",
    "ccdab34740",
    "3e3f4b58f7",
    "4799f4f1c1",
    "e8a7ee35b9",
    "e98fe20733",
    "a8028be362",
    "6d1594ee26",
    "35f1f3a764",
    "25346e2121",
    "f4ca31bf1e",
    "e92146761c",
    "f842851e5a",
    "1c8fde3668",
    "881ba7a0de",
    "65a00a3e39",
    "d8ca45322b",
    "ecf3a658e0",
    "6b58643daa",
    "2a0cbe36e3",
    "4d16f310a8",
    "4ec96210b2",
    "cb309d630a",
    "8510230fe7",
    "6f6288603c",
    "e1039553a4",
    "95c677f9b9",
    "a888205355",
    "cf93ddfcaa",
    "234a39a5e4",
    "af163e2e18",
    "7d5c21e0f1",
    "68c389e2a6",
    "ee999da795",
    "392b47721f",
    "3717ff3238",
    "4749879646",
    "86f1cf5d5d",
    "6fd0adc2f7",
    "a93fa546cb",
    "b1f8387c61",
    "8d0de0b7b1",
    "c0804f385d",
    "d542bd0073",
    "e023d376e2",
    "ee8007e4cc",
    "35e003d1c6",
    "b9ae4f58d5",
    "5ab21b9f30",
    "a037ea9772",
    "c6b07cdff9",
    "cba3a12937",
    "139b6c001d",
    "d9d2eaf586",
    "fa30255626",
    "ba8f653d99",
    "6a405b73ee",
    "22bde3b5bb",
    "d86d29195c",
    "61472b86d0",
    "faf91a5902",
    "40c67a89e1"
  ],
  "trial_counter": 100,
  "best_val_acc": 0.9527897238731384,
  "best_hyperparams": {
    "freezing_ratio": 0.7,
    "learning_rate": 0.001,
    "dropout_rate": 0.2,
    "l2_reg": 0.1,
    "optimizer": "adam",
    "batch_size": 8
  },
  "rng_state": {
    "bit_generator": "PCG64",
    "state": {
      "state": 198485407550658445814102442790444984186,
      "inc": 194290289479364712180083596243593368443
    },
    "has_uint32": 0,
    "uinteger": 41711154
  },
  "timestamp": "2026-05-29T09:25:18.458165"
}