{
  "iteration": 9,
  "current_gen_done": 10,
  "tau": [
    [
      0.47829690000000014,
      0.5314410000000002,
      0.47829690000000014,
      1.0,
      0.47829690000000014,
      0.47829690000000014
    ],
    [
      0.47829690000000014,
      0.47829690000000014,
      0.47829690000000014,
      0.47829690000000014,
      1.0,
      0.81
    ],
    [
      0.47829690000000014,
      0.5314410000000002,
      1.0,
      0.47829690000000014,
      0.81,
      0.47829690000000014
    ],
    [
      0.47829690000000014,
      0.47829690000000014,
      0.81,
      0.5314410000000002,
      0.47829690000000014,
      0.47829690000000014,
      1.0
    ],
    [
      0.5314410000000002,
      1.0,
      0.47829690000000014
    ],
    [
      0.47829690000000014,
      1.0,
      0.47829690000000014
    ]
  ],
  "best_solution": [
    3,
    4,
    2,
    6,
    1,
    1
  ],
  "best_hyperparams": {
    "freezing_ratio": 0.9,
    "learning_rate": 0.001,
    "dropout_rate": 0.3,
    "l2_reg": 0.1,
    "optimizer": "adamw",
    "batch_size": 16
  },
  "evaluated_hashes": [
    "5ece831a10",
    "98c81105ec",
    "faf91a5902",
    "e8e3969c0a",
    "544edf7303",
    "55e78286a4",
    "a7e16444eb",
    "e011dc0d9c",
    "dcafdfb4c0",
    "ccc2dacf34",
    "97072f951f",
    "de1d79b4b7",
    "2065c4a13e",
    "8ed78541f8",
    "8347f17de3",
    "2daaff47ec",
    "a4f71171cf",
    "82f09e26f6",
    "7a1ac60d02",
    "8f73746830",
    "65d388177c",
    "0e7280298c",
    "3a22662ac2",
    "206511cf67",
    "84f49024e9",
    "a62d7a793e",
    "1e7d747a60",
    "b19c7d6929",
    "f02008998d",
    "b8b3f232c2",
    "588beded95",
    "1e84195bc9",
    "6260843235",
    "bb71984350",
    "f4cc447b3e",
    "f7fbcc558d",
    "e98fe20733",
    "b4e076b8e7",
    "dd93ba1e36",
    "75108aa475",
    "605047f261",
    "d19378896e",
    "8d4244813c",
    "0bf7f0ea1c",
    "5d2bbd9250",
    "b10f5009b3",
    "f2917f7559",
    "e77dc17fad",
    "6f157874fe",
    "234a39a5e4",
    "7e5f727a7f",
    "bdabadffda",
    "15387bc5c3",
    "bdaeab01b4",
    "1c8fde3668",
    "bb08ea2a9f",
    "50a0014465",
    "9c18cbd4b5",
    "cb5373920b",
    "0ff231649a",
    "5710807967",
    "b4b56cb57c",
    "1a5614b3ae",
    "7f813efcdb",
    "e8f112ea5f",
    "b15288aa6c",
    "6c256d0d55",
    "187141008b",
    "9f66864aa1",
    "ea77f734e4",
    "4b8c677136",
    "cdfbfbadb7",
    "8661b8f3ae",
    "70772a7d50",
    "510ca5e614",
    "e7c3ecf7ca",
    "d5aae699b0",
    "d4c94829ac",
    "e25b29707a",
    "4a466b2550",
    "61c49d015c",
    "97a5ac2c65",
    "49cbaf4f20",
    "35f1f3a764",
    "92cac758b6",
    "2f75cd9f21",
    "7684cf71f9",
    "98057994e7",
    "9007154b2e",
    "a4a1625dca",
    "c0b1ac38b3",
    "d939852c34",
    "0225162b2a",
    "8d0de0b7b1",
    "3903c3f7b5",
    "c608111397",
    "571ee566e6",
    "6649efd223",
    "af163e2e18",
    "af501b12e5"
  ],
  "trial_counter": 100,
  "best_val_acc": 0.9442059993743896,
  "rng_state": {
    "bit_generator": "PCG64",
    "state": {
      "state": 295852554947322921156282641237469146396,
      "inc": 194290289479364712180083596243593368443
    },
    "has_uint32": 0,
    "uinteger": 0
  },
  "timestamp": "2026-05-30T08:52:02.668216"
}