{
  "generation": 9,
  "population": [
    [
      2,
      3,
      1,
      6,
      0,
      2
    ],
    [
      2,
      5,
      1,
      6,
      2,
      0
    ],
    [
      2,
      1,
      3,
      6,
      0,
      2
    ],
    [
      1,
      5,
      1,
      6,
      1,
      2
    ],
    [
      2,
      5,
      3,
      6,
      0,
      2
    ]
  ],
  "fitnesses": [
    0.9442059993743896,
    0.9356223344802856,
    0.8841201663017273,
    0.9055793881416321,
    0.9270386099815369
  ],
  "selection_pool": [
    [
      2,
      3,
      1,
      6,
      0,
      2
    ],
    [
      1,
      5,
      3,
      2,
      0,
      2
    ],
    [
      1,
      2,
      3,
      6,
      0,
      2
    ],
    [
      2,
      3,
      1,
      2,
      0,
      0
    ],
    [
      2,
      3,
      3,
      2,
      2,
      0
    ],
    [
      2,
      3,
      1,
      2,
      2,
      2
    ],
    [
      2,
      3,
      1,
      6,
      2,
      2
    ],
    [
      2,
      0,
      1,
      6,
      1,
      2
    ],
    [
      2,
      3,
      1,
      6,
      0,
      0
    ],
    [
      2,
      3,
      3,
      6,
      0,
      2
    ]
  ],
  "selection_fitnesses": [
    0.9442059993743896,
    0.9270386099815369,
    0.9012875556945801,
    0.9227467775344849,
    0.8884119987487793,
    0.8197425007820129,
    0.8068669438362122,
    0.729613721370697,
    0.9313304424285889,
    0.9399141669273376
  ],
  "gen_elite": [
    2,
    3,
    1,
    6,
    0,
    2
  ],
  "gen_elite_fitness": 0.9442059993743896,
  "evaluated_hashes": [
    "5998a92c65",
    "8d12b02212",
    "2815b4eb52",
    "a8e139ef76",
    "94e9f00308",
    "09efc27ea5",
    "cc0a14bebc",
    "cc2d3de58e",
    "cce2851fd8",
    "4064ba0594",
    "2a8576e9ea",
    "1f3962af63",
    "eb9b835fae",
    "4d7f7ad457",
    "8173147872",
    "016d9fcd5f",
    "769df65aa1",
    "d7d9b68027",
    "8a2d7b2026",
    "e40c787e8f",
    "a8bebeb892",
    "24b1f2e0a5",
    "c27ef5cefa",
    "9286351ba5",
    "9e926864d7",
    "dda33ff8ba",
    "b0b7e63b77",
    "742558fb0d",
    "1f3fc62f63",
    "1865d4bb69",
    "2e0a569a0f",
    "768c664614",
    "1ccae179de",
    "cc6d6cb79b",
    "f16e2368ad",
    "c37c616feb",
    "d93b365a24",
    "5fc5c79cd2",
    "e5d6515ce4",
    "7be7a58578",
    "a3d271c7f1",
    "c77464272d",
    "d88a9fbb67",
    "e8f85e8d2f",
    "7951d0454d",
    "031b6aa061",
    "daa0bd1858",
    "ac39f820d9",
    "a6d8a8db22",
    "8ace8d9511",
    "3054e5e8ab",
    "a0e27ea7a2",
    "aab11ba149",
    "e6770370d8",
    "f45cd9c2e6",
    "d1fa1b5abb",
    "dd5446d521",
    "929d8c54eb",
    "85ea285f5a",
    "b56c671560",
    "c42e44bb68",
    "4469c57c2f",
    "30c71112c1",
    "2bbcb9f9d9",
    "7f23e10ed8",
    "2aefd13951",
    "c096a349d2",
    "1f9f3cbe24",
    "3afb1cabcc",
    "9cb9095cd4",
    "cad56a58e3",
    "397ce514bb",
    "a5393e61aa",
    "824185e62f",
    "320ab9fa91",
    "75108aa475",
    "f35744a72a",
    "ca2841e1ec",
    "e2b241992a",
    "f30b50b46c",
    "302099393b",
    "53322ba8c1",
    "d7c3c61055",
    "7fe31cbebf",
    "0c860725a8",
    "7dd731d0e1",
    "2d4abc6d63",
    "1908bb5b75",
    "bc5b3436d6",
    "54dee739dc",
    "0af1acf7e7",
    "b8a08eb1e5",
    "98883b5347",
    "70b0201a19",
    "d8b613dfaf",
    "8eb7c466a6",
    "3d0239c102",
    "58a503b978",
    "18b05719db",
    "c8e670a55d"
  ],
  "trial_counter": 100,
  "best_val_acc": 0.9484978318214417,
  "best_hyperparams": {
    "freezing_ratio": 0.85,
    "learning_rate": 0.005,
    "dropout_rate": 0.0,
    "l2_reg": 0.1,
    "optimizer": "adamw",
    "batch_size": 16
  },
  "timestamp": "2026-05-29T06:12:18.587905"
}