{
  "iteration": 9,
  "current_gen_done": 10,
  "tau": [
    [
      0.5314410000000002,
      0.5314410000000002,
      1.0,
      0.5314410000000002,
      0.5314410000000002,
      0.5314410000000002
    ],
    [
      0.5314410000000002,
      0.5314410000000002,
      0.5314410000000002,
      0.5314410000000002,
      0.5314410000000002,
      1.0
    ],
    [
      0.9,
      0.5314410000000002,
      1.0,
      0.5314410000000002,
      0.5314410000000002,
      0.5904900000000002
    ],
    [
      0.5314410000000002,
      0.5314410000000002,
      0.5904900000000002,
      1.0,
      0.5314410000000002,
      0.9,
      0.5314410000000002
    ],
    [
      1.0,
      0.9,
      0.5314410000000002
    ],
    [
      1.0,
      0.5314410000000002,
      0.9
    ]
  ],
  "best_solution": [
    2,
    5,
    2,
    3,
    0,
    0
  ],
  "best_hyperparams": {
    "freezing_ratio": 0.85,
    "learning_rate": 0.005,
    "dropout_rate": 0.3,
    "l2_reg": 0.01,
    "optimizer": "adam",
    "batch_size": 8
  },
  "evaluated_hashes": [
    "f458d975c1",
    "f681788b5c",
    "e6b2e9c4f1",
    "cce2851fd8",
    "7ec0c0face",
    "fd40e90c12",
    "b1f8387c61",
    "ee930ef23d",
    "559550e044",
    "31891daa31",
    "d990cb11a1",
    "52f2191bcc",
    "cd3f4636de",
    "f9c0fd7055",
    "9b6aebc54f",
    "a04159d63a",
    "2d1199fd3d",
    "cfefb953fb",
    "4c01c70a03",
    "1de4a43896",
    "5729976db6",
    "5e57ddabe6",
    "48e04569a0",
    "0652d9ba92",
    "51024601d3",
    "6a2b573ee0",
    "697bd0bb59",
    "ee22b3622c",
    "624302a3b5",
    "0b9fe56979",
    "6609206b02",
    "e93de9d505",
    "c0fcfc3534",
    "f5b134ae42",
    "f6b9043637",
    "0fe0e5533c",
    "b10a53c9c4",
    "1484330742",
    "f997fed09a",
    "e1684cfbb8",
    "1a3dd2098a",
    "c0595229a1",
    "7b4c190859",
    "38fcca74c9",
    "1535dd5270",
    "9a3234e87e",
    "e65457a15f",
    "7903f2142f",
    "5ab1d3aa7c",
    "7db5700cb2",
    "fe28668168",
    "82c7bd30b3",
    "64c20871d6",
    "35188ee1be",
    "93bab67a9c",
    "b728a2b05e",
    "693b9ab635",
    "0cc1ab9747",
    "39f4b810ce",
    "415ced2d58",
    "13b5095b8d",
    "836a6cc21f",
    "a90c4129a7",
    "a7e4519046",
    "11a2719aeb",
    "00e00b8dd5",
    "5bb5306065",
    "2fd5feb73f",
    "f190e208ee",
    "5dd92695ba",
    "1284ec6224",
    "31867e77d9",
    "5bf7cdf8a1",
    "0302c86167",
    "a5ada509c1",
    "9cbb4aab86",
    "3ac85acbc2",
    "5f1e2e5838",
    "a1b95bc01d",
    "315f3fe72e",
    "663c0df783",
    "1221313cfa",
    "561547ccc3",
    "f0eae5bf17",
    "776a8239c5",
    "c63d60fe94",
    "244674e016",
    "1e00920116",
    "cd23775c62",
    "04f06cb643",
    "44bcf5e127",
    "8516a8fbba",
    "33eb02f1ba",
    "4890e5d4ed",
    "e2c719bf58",
    "a5dcb6685e",
    "49f5934190",
    "f812b2912d",
    "d1cd4cdc6d",
    "738a49d0db"
  ],
  "trial_counter": 100,
  "best_val_acc": 0.9527897238731384,
  "rng_state": {
    "bit_generator": "PCG64",
    "state": {
      "state": 8478230172186040577468751028207172949,
      "inc": 87136372517582989555478159403783844777
    },
    "has_uint32": 0,
    "uinteger": 0
  },
  "timestamp": "2026-05-30T07:25:57.858137"
}