{
  "generation": 8,
  "population": [
    [
      0,
      4,
      0,
      3,
      0,
      1
    ],
    [
      0,
      5,
      0,
      3,
      2,
      1
    ]
  ],
  "fitnesses": [
    0.9484978318214417,
    0.9098712205886841
  ],
  "selection_pool": [
    [
      3,
      5,
      4,
      3,
      0,
      2
    ],
    [
      0,
      1,
      5,
      3,
      1,
      2
    ],
    [
      0,
      4,
      4,
      2,
      1,
      2
    ],
    [
      0,
      1,
      4,
      3,
      0,
      1
    ],
    [
      0,
      2,
      4,
      3,
      2,
      1
    ],
    [
      0,
      5,
      4,
      3,
      2,
      2
    ],
    [
      0,
      1,
      4,
      2,
      2,
      1
    ],
    [
      3,
      1,
      4,
      3,
      0,
      2
    ],
    [
      0,
      4,
      0,
      3,
      0,
      1
    ],
    [
      0,
      1,
      4,
      2,
      1,
      2
    ]
  ],
  "selection_fitnesses": [
    0.9442059993743896,
    0.8798283338546753,
    0.9055793881416321,
    0.9098712205886841,
    0.6952789425849915,
    0.9141631126403809,
    0.540772557258606,
    0.8841201663017273,
    0.9484978318214417,
    0.8927038908004761
  ],
  "gen_elite": [
    0,
    4,
    0,
    3,
    0,
    1
  ],
  "gen_elite_fitness": 0.9484978318214417,
  "evaluated_hashes": [
    "d2af5a6578",
    "6798338e79",
    "56db00ca5e",
    "6a1aa0ffef",
    "280ab92414",
    "be0c9f7018",
    "256b81de6b",
    "824468fd2d",
    "c1b2936f26",
    "74e9bf7619",
    "bb3950ffc8",
    "4cf6739e2a",
    "b5631e4543",
    "976551fcb8",
    "6f157874fe",
    "7fde6e38ee",
    "1e06804600",
    "69424a2644",
    "33d4c51cce",
    "03b8c988ee",
    "b4ee09d373",
    "c07908a552",
    "6b8caa099b",
    "d47f0d4b87",
    "f239de2fff",
    "c07332429b",
    "0dfa9a59c8",
    "19f9e2f811",
    "99a9dff7ca",
    "e26a0d41bb",
    "d0031aa20f",
    "7362b48cb0",
    "18dc474b8a",
    "37e0178b26",
    "931de544fd",
    "59d12ccc93",
    "45c2d42cba",
    "f15cdee310",
    "df7de4c595",
    "00e7d138a8",
    "9177165b0d",
    "12d06687a0",
    "ee8007e4cc",
    "50330dc225",
    "426f35a807",
    "35823114b9",
    "52c4fcd89e",
    "c48df03e54",
    "5d6416d5c6",
    "057faa7e11",
    "28c3696ab9",
    "e1039553a4",
    "1d439a5ce3",
    "47b6788124",
    "734a8698f0",
    "d3fd26d7aa",
    "0c13e1f24c",
    "74ada47011",
    "c055b08afd",
    "b4d557b651",
    "5d81ebb664",
    "7207a2409b",
    "263a9939cc",
    "32cec1d6e8",
    "cdfdb17b25",
    "7a9e3c4828",
    "0595c652e3",
    "5924445185",
    "ff2836f98b",
    "d548e56665",
    "34419cb583",
    "0c6cd3338d",
    "34df202c54",
    "213fb0f64c",
    "02801e1ecf",
    "e6e49d9fc1",
    "982f98b908",
    "cca716e3ee",
    "e9f9003d2f",
    "40de3eca72",
    "f94a97eb11",
    "80e51e6538",
    "0652d9ba92",
    "ebaac40c37",
    "c1dad9d393",
    "fbbb88ce40",
    "1157c69fe9",
    "44707e8615",
    "bf0e2965ea",
    "f23e24ad29",
    "81d6d924c4",
    "de80469958",
    "b033bd6dfc",
    "e7efc8345d",
    "30b9d0b087",
    "9156aaa680",
    "48c8387aa1",
    "1700b2b6b8",
    "ac7c5ff8f6",
    "4ce85c5f2e"
  ],
  "trial_counter": 100,
  "best_val_acc": 0.9484978318214417,
  "best_hyperparams": {
    "freezing_ratio": 0.7,
    "learning_rate": 0.001,
    "dropout_rate": 0.0,
    "l2_reg": 0.01,
    "optimizer": "adam",
    "batch_size": 16
  },
  "timestamp": "2026-05-29T04:05:09.961329"
}