{
  "iteration": 10,
  "current_gen_done": 0,
  "tau": [
    [
      0.47829690000000014,
      1.0,
      0.47829690000000014,
      0.47829690000000014,
      0.47829690000000014,
      0.47829690000000014
    ],
    [
      0.47829690000000014,
      0.47829690000000014,
      0.47829690000000014,
      0.47829690000000014,
      0.47829690000000014,
      1.0
    ],
    [
      0.47829690000000014,
      0.47829690000000014,
      0.47829690000000014,
      0.47829690000000014,
      1.0,
      0.47829690000000014
    ],
    [
      0.47829690000000014,
      0.47829690000000014,
      0.47829690000000014,
      0.47829690000000014,
      1.0,
      0.7290000000000001,
      0.47829690000000014
    ],
    [
      1.0,
      0.7290000000000001,
      0.47829690000000014
    ],
    [
      1.0,
      0.7290000000000001,
      0.47829690000000014
    ]
  ],
  "best_solution": [
    1,
    5,
    4,
    4,
    0,
    0
  ],
  "best_hyperparams": {
    "freezing_ratio": 0.8,
    "learning_rate": 0.005,
    "dropout_rate": 0.5,
    "l2_reg": 0.02,
    "optimizer": "adam",
    "batch_size": 8
  },
  "evaluated_hashes": [
    "c577f7df85",
    "b4e076b8e7",
    "7f92aca79e",
    "8ea16319d9",
    "461005a80c",
    "ac4a0b7abc",
    "fad6e1c237",
    "a63ef6ee7b",
    "c8b3b53b33",
    "2e50e1bacd",
    "410b19821a",
    "b9b86977da",
    "5246c18531",
    "d6e945e5cb",
    "3a0756bf53",
    "0b6eeafac3",
    "1ea0cde897",
    "c52a12f04f",
    "130d5b158f",
    "a66221cf47",
    "be8b88adbc",
    "0ce96b173e",
    "e58b7e11f5",
    "1e68511735",
    "349533e918",
    "f3e33f8053",
    "83447a5922",
    "c8bb5d5f58",
    "50b88fccc3",
    "97292ecd1f",
    "7eb6b41afd",
    "f0847d100e",
    "412fafb060",
    "f0eae5bf17",
    "3d786ab8c6",
    "acfc53c2f4",
    "e7e954cf88",
    "cab54a20e4",
    "a0ff619aee",
    "e1f869deae",
    "4d4419081b",
    "5b0e8a7caf",
    "f8299b7204",
    "548d9f680c",
    "e973699d16",
    "362d16e57e",
    "30677055d2",
    "2dbfb59b32",
    "abc08ac9b3",
    "d21baba6a7",
    "650d750aa9",
    "aa24084ffc",
    "187141008b",
    "d24082fe31",
    "2099650c19",
    "36c74516f2",
    "e75ff5ce71",
    "5b02e7e6f4",
    "5f1e2e5838",
    "cd3997c6a5",
    "5269acb3eb",
    "e86a6c7473",
    "841d4937d5",
    "5c0d2bef13",
    "17dd62ec9e",
    "ed6aa9722b",
    "e767edf9ec",
    "63e990ea3e",
    "2c6641f4f3",
    "a087417259",
    "07975d9306",
    "ff6fd8c0fb",
    "a8397300f4",
    "c0f483647c",
    "5584764a49",
    "e609aed41e",
    "115e57d306",
    "fc2a7cc0ad",
    "7209a9bfbc",
    "5fcfdbb0eb",
    "d46a77a92b",
    "109005d8d1",
    "0f835d206a",
    "be15b69b76",
    "f5d7115fde",
    "fc47331f84",
    "bb44bb4ead",
    "d4854b9b8c",
    "ba5319f143",
    "9c2ef448a5",
    "fbd6b36f7c",
    "178ee386d3",
    "403ee8d33f",
    "71fe90308d",
    "a4a0770180",
    "c9db2e0e48",
    "5dafbb1e99",
    "5e42b187d9",
    "9cc471e590",
    "78fe957a0c"
  ],
  "trial_counter": 100,
  "best_val_acc": 0.9356223344802856,
  "rng_state": {
    "bit_generator": "PCG64",
    "state": {
      "state": 35196927626003659987303334733553473698,
      "inc": 121863417007658695389390353187995180015
    },
    "has_uint32": 0,
    "uinteger": 0
  },
  "timestamp": "2026-05-30T10:24:02.619797"
}