{
  "generation": 10,
  "prev_population": [
    [
      0.0,
      5.999999999,
      2.302140202239256,
      6.999999999,
      0.555108834701731,
      0.0
    ],
    [
      1.9116212671294808,
      4.7510584860581435,
      2.244340819133622,
      2.4936605112334522,
      0.0,
      1.0300936800147662
    ],
    [
      0.0,
      4.7510584860581435,
      3.9381925476513127,
      2.7345058119223764,
      0.0,
      0.5361143846116125
    ],
    [
      0.0,
      4.7510584860581435,
      2.9291916289245417,
      6.999999999,
      0.0,
      1.3806555319725935
    ],
    [
      0.0,
      4.7510584860581435,
      2.244340819133622,
      4.601863076536528,
      0.0,
      0.3584532772295534
    ],
    [
      2.6494297614219553,
      5.999999999,
      5.216185715643393,
      1.6326001756050794,
      1.9333088076165525,
      0.4906709414043018
    ],
    [
      0.0,
      4.069103032988096,
      1.437140084152205,
      6.999999999,
      0.0,
      0.8980437600698155
    ],
    [
      0.0,
      5.999999999,
      0.9146115191941235,
      6.999999999,
      0.5802456606408212,
      0.7127473256318757
    ],
    [
      1.7234938388145098,
      5.941798575645241,
      5.999999999,
      3.189069424284384,
      0.8879599765737775,
      1.8198074133914304
    ],
    [
      0.0,
      5.999999999,
      4.337838374075627,
      5.361183199507087,
      2.641231371632819,
      1.8198074133914304
    ]
  ],
  "prev_fitnesses": [
    0.9356223344802856,
    0.9442059993743896,
    0.9484978318214417,
    0.9570815563201904,
    0.9484978318214417,
    0.9399141669273376,
    0.9527897238731384,
    0.9442059993743896,
    0.9484978318214417,
    0.9313304424285889
  ],
  "curr_population": [],
  "curr_fitnesses": [],
  "evaluated_hashes": [
    "1580145be7",
    "e58b7e11f5",
    "63e990ea3e",
    "5a6124884f",
    "465baa017f",
    "af6fc629f2",
    "ac1ee451c5",
    "1f57ede98f",
    "b668bddc15",
    "17474a0e6b",
    "c9c7826925",
    "a037ea9772",
    "3c179d437d",
    "878bbb54c7",
    "ea94c8734d",
    "b7ecde37ef",
    "94a728694b",
    "6926820887",
    "b05b7a9694",
    "685248c98c",
    "a9e7a502ac",
    "9c64d57ae6",
    "599336fbbc",
    "fa30255626",
    "136d9700e8",
    "06f6520890",
    "4313af37ed",
    "e30a1c87bc",
    "78c8a92f2c",
    "7bab87644b",
    "7e6b896c47",
    "2188c90fbe",
    "cd3997c6a5",
    "555a2057dd",
    "07e0f1a030",
    "5ddbb18257",
    "c3e6089118",
    "0ce96b173e",
    "4c6a469bed",
    "18731adda1",
    "4f2b91b21d",
    "3989a48d76",
    "5182bd8366",
    "7002ed44c8",
    "f41c12abc8",
    "c93e130ebd",
    "5584764a49",
    "e99b219fe2",
    "9cc471e590",
    "e9ac902ce7",
    "6ffc0fa045",
    "d8ca45322b",
    "3717ff3238",
    "56db00ca5e",
    "2c6641f4f3",
    "c96975b616",
    "2e50e1bacd",
    "34ec136658",
    "f702a20138",
    "92de9c2649",
    "0fe87fdeda",
    "53f7bd918b",
    "8e09d8d23c",
    "dd95b0c401",
    "ecb4a5c1b5",
    "3175a24fd1",
    "696ae777a8",
    "3bf5a56620",
    "d88a9fbb67",
    "ae72aaccaf",
    "d24082fe31",
    "6262e3a5de",
    "bdfa79a888",
    "cff4013381",
    "dfe715c216",
    "2f71bfee5a",
    "9e891a5ae0",
    "520e105b11",
    "992b7698d6",
    "f319d70d82",
    "ccdab34740",
    "599765a870",
    "3ee9a77f16",
    "872f2c2143",
    "be2c6a6431",
    "aa0ba83dc1",
    "fbd37c2382",
    "6aa0e1e9d2"
  ],
  "trial_counter": 100,
  "best_val_acc": 0.9570815563201904,
  "best_hyperparams": {
    "freezing_ratio": 0.7,
    "learning_rate": 0.001,
    "dropout_rate": 0.3,
    "l2_reg": 0.1,
    "optimizer": "adam",
    "batch_size": 16
  },
  "rng_state": {
    "bit_generator": "PCG64",
    "state": {
      "state": 75297451731918087193289706120363644472,
      "inc": 121863417007658695389390353187995180015
    },
    "has_uint32": 0,
    "uinteger": 3454133775
  },
  "timestamp": "2026-05-29T11:46:53.751901"
}