{
  "generation": 9,
  "population": [
    [
      1,
      4,
      3,
      2,
      0,
      2
    ],
    [
      2,
      4,
      2,
      5,
      0,
      2
    ],
    [
      2,
      4,
      3,
      2,
      2,
      2
    ],
    [
      3,
      4,
      3,
      2,
      1,
      2
    ]
  ],
  "fitnesses": [
    0.9527897238731384,
    0.9270386099815369,
    0.8712446093559265,
    0.9227467775344849
  ],
  "evaluated_hashes": [
    "5517df3659",
    "69902080ca",
    "fad204d23a",
    "960db2a41c",
    "6f1bbf476b",
    "2c36e9fd61",
    "94a728694b",
    "6260e3a77d",
    "7ba0d32deb",
    "f9b3f59158",
    "bf0b2da3d2",
    "17180bfea2",
    "0b0e7ebfed",
    "dd86a89c30",
    "8518d31c6a",
    "388e76d365",
    "3a22662ac2",
    "013ddeb231",
    "aee80e04af",
    "f722d5f8c6",
    "e33ce769c2",
    "3dfed4cf29",
    "047d714ffc",
    "fdc817e62e",
    "1cf65606a8",
    "3e2cd6c6b6",
    "438ca6e824",
    "767c6f4ef5",
    "64f200e8fa",
    "d3452279f1",
    "28106cb74b",
    "8efc639cb6",
    "8afa493586",
    "c45363c295",
    "bf877d44c2",
    "b083ec8c81",
    "49ecdb0d95",
    "516ea961e5",
    "588a37d77a",
    "e9feda11f0",
    "a00b9bd8ee",
    "5f55b44e9f",
    "dc047ed159",
    "ffa404e995",
    "e99f88acab",
    "ac61211167",
    "74c42a4a0c",
    "71741183a0",
    "1ca600eaa0",
    "5eddfa7c15",
    "da9edbbc38",
    "c888186f0a",
    "acb37bf29c",
    "544edf7303",
    "7bab87644b",
    "ab9e1e1495",
    "951b9a27b5",
    "fc560581d5",
    "e649d378b5",
    "5297d2291a",
    "05ee8b2054",
    "52cea9bb1f",
    "b10f5009b3",
    "34b326af35",
    "bf43811720",
    "33e8612c48",
    "3fc9870188",
    "d00f3f45aa",
    "26749b561f",
    "ec2633a4e8",
    "cfa5fefc77",
    "d5225898a6",
    "54e85f5dac",
    "59ae324271",
    "c04e919979",
    "e6e3dc1b3e",
    "3c077dd8ab",
    "28f10ef3a0",
    "244131dfd5",
    "ac39f820d9",
    "7304b48cbe",
    "3ce40067a1",
    "18797822a1",
    "d0f65103f6",
    "fe2e0bf981",
    "1505fad0db",
    "591cf85e4f",
    "d673b1b11c",
    "ff9d02a109",
    "bdb9d95a19",
    "a6fecdaa02",
    "36034b4ba1",
    "1406f00d38",
    "155b0c1180",
    "a4047ac0e8",
    "c67f2f21e4",
    "3a139e34fd",
    "364ff56558",
    "7402890a8b",
    "6a2851bf52"
  ],
  "trial_counter": 100,
  "best_val_acc": 0.9527897238731384,
  "best_hyperparams": {
    "freezing_ratio": 0.8,
    "learning_rate": 0.001,
    "dropout_rate": 0.4,
    "l2_reg": 0.005,
    "optimizer": "adam",
    "batch_size": 32
  },
  "timestamp": "2026-05-28T22:31:33.462099"
}