{
  "iteration": 10,
  "current_gen_done": 0,
  "tau": [
    [
      0.47829690000000014,
      1.0,
      0.5904900000000002,
      0.47829690000000014,
      0.47829690000000014,
      0.47829690000000014
    ],
    [
      0.47829690000000014,
      0.47829690000000014,
      0.47829690000000014,
      0.81,
      0.47829690000000014,
      1.0
    ],
    [
      0.47829690000000014,
      0.47829690000000014,
      1.0,
      0.47829690000000014,
      0.5904900000000002,
      0.47829690000000014
    ],
    [
      0.47829690000000014,
      0.47829690000000014,
      0.47829690000000014,
      1.0,
      0.81,
      0.47829690000000014,
      0.5904900000000002
    ],
    [
      1.0,
      0.47829690000000014,
      0.47829690000000014
    ],
    [
      0.81,
      1.0,
      0.47829690000000014
    ]
  ],
  "best_solution": [
    1,
    5,
    2,
    3,
    0,
    1
  ],
  "best_hyperparams": {
    "freezing_ratio": 0.8,
    "learning_rate": 0.005,
    "dropout_rate": 0.3,
    "l2_reg": 0.01,
    "optimizer": "adam",
    "batch_size": 16
  },
  "evaluated_hashes": [
    "f00a081283",
    "d673b1b11c",
    "121915bec8",
    "15ad278342",
    "da52e50b43",
    "682e18b54f",
    "7ee0c73e98",
    "ec79b25fe8",
    "8e1e2307d5",
    "705858e79e",
    "bdabadffda",
    "97f883c26f",
    "11dc04fe52",
    "16b6702f8f",
    "d48b7ffbba",
    "903cffa83a",
    "36fd4bf64f",
    "a22466493a",
    "de86ba450f",
    "d315536668",
    "14608e3820",
    "51ea5a8bce",
    "1d64909ddd",
    "5305738335",
    "7fe31cbebf",
    "d7bf668681",
    "27b42877c3",
    "899a86bf88",
    "08394df9cf",
    "b2322093e2",
    "f05dce1823",
    "23fead6c50",
    "eef8a962ed",
    "4294943706",
    "a982529057",
    "0da05a5c63",
    "8c5bcc4b70",
    "a841ba4db1",
    "e2d7ba9ada",
    "8e794234db",
    "02ea829ab4",
    "ee40aa210b",
    "2b32b3508f",
    "7226d81956",
    "247919d481",
    "4306170649",
    "d11b91275b",
    "a65eadab19",
    "d03bc4d47d",
    "fc6050caf8",
    "cff4013381",
    "531038f894",
    "4059a133bc",
    "1efce4ed65",
    "a242d9e9c0",
    "dd84951c61",
    "899b98160f",
    "0b9720ac38",
    "a3b92600b5",
    "322e72b268",
    "0759b1d3b6",
    "d24f51cd51",
    "f797688236",
    "78dda904b7",
    "2e2e230943",
    "0b24fb1f29",
    "a2783aa91b",
    "baa7bc00fe",
    "b65eb6b380",
    "4fdf9cf6fe",
    "7141fc8279",
    "bbfb344c61",
    "f5a3c980f3",
    "8ace8d9511",
    "9601876dc4",
    "f11263ba21",
    "e8f480d3f0",
    "737d033fd5",
    "85a7e9aa89",
    "7ebef80eb5",
    "ad01e80046",
    "dd68f0ce00",
    "84704c261e",
    "6c0c21f178",
    "dcdc124887",
    "f9ffeeffc7",
    "4e2e47392d",
    "499c69b4eb",
    "a1fdb67de1",
    "dae5ea7ce7",
    "47ac04a63e",
    "9fa06cdb04",
    "6f277a7937",
    "b1e8336ffc",
    "ce113cdfda",
    "ea140677ba",
    "0f3309c915",
    "9b489a719c",
    "22a45c3d9a"
  ],
  "trial_counter": 100,
  "best_val_acc": 0.9484978318214417,
  "rng_state": {
    "bit_generator": "PCG64",
    "state": {
      "state": 154836181686010495759487081120247328005,
      "inc": 222003063171874261427395693950637096479
    },
    "has_uint32": 0,
    "uinteger": 0
  },
  "timestamp": "2026-05-30T11:53:11.818215"
}