{
  "iteration": 10,
  "current_gen_done": 0,
  "tau": [
    [
      0.47829690000000014,
      1.0,
      0.5314410000000002,
      0.5904900000000002,
      0.47829690000000014,
      0.47829690000000014
    ],
    [
      0.47829690000000014,
      0.47829690000000014,
      0.5314410000000002,
      0.9,
      0.5904900000000002,
      1.0
    ],
    [
      0.5904900000000002,
      0.47829690000000014,
      0.47829690000000014,
      0.5314410000000002,
      1.0,
      0.9
    ],
    [
      0.47829690000000014,
      1.0,
      0.47829690000000014,
      0.47829690000000014,
      0.5904900000000002,
      0.47829690000000014,
      0.9
    ],
    [
      1.0,
      0.5904900000000002,
      0.47829690000000014
    ],
    [
      0.9,
      0.5904900000000002,
      1.0
    ]
  ],
  "best_solution": [
    1,
    5,
    4,
    1,
    0,
    2
  ],
  "best_hyperparams": {
    "freezing_ratio": 0.8,
    "learning_rate": 0.005,
    "dropout_rate": 0.5,
    "l2_reg": 0.002,
    "optimizer": "adam",
    "batch_size": 32
  },
  "evaluated_hashes": [
    "e0985c93f0",
    "46e28cd454",
    "85812e181b",
    "e07fad30d6",
    "3717ff3238",
    "7a2ef39731",
    "9fa6fb064f",
    "b1b3b8370b",
    "4a6a359119",
    "203d02b959",
    "2fd31d172e",
    "c682138883",
    "5343db8aa5",
    "6c82f5ad5f",
    "e6a5c2eff7",
    "d44b9395e7",
    "8307f548f1",
    "47cc1e733d",
    "14a805ab3f",
    "b6f0bb5a37",
    "9bf644647a",
    "75a7eb6277",
    "d0b0536f15",
    "6cb94df8e8",
    "1484330742",
    "07b3aa928d",
    "02295a536a",
    "c943cbccbb",
    "4157ed342d",
    "357793a255",
    "fbaad7a9c6",
    "74d5e98939",
    "0e4cfbb01a",
    "ea140677ba",
    "b2378f4f51",
    "579e8a927c",
    "3fdbc66432",
    "f2b81b8190",
    "892ac8fcb2",
    "27e4ff83bf",
    "333a07705c",
    "856a71c45f",
    "9e32c6251c",
    "107979b984",
    "6c5a2cd0cb",
    "2f81ba2ac4",
    "6e5e62f90e",
    "45a5b0df8f",
    "bb9aa3c39b",
    "e6dc5f69ce",
    "401a2d1c2e",
    "f21026eeba",
    "4054238f90",
    "01bce57eff",
    "48c344cf0b",
    "9136df881c",
    "6619286d56",
    "92a8e3bfed",
    "33e64133ac",
    "477590118c",
    "2eddc84014",
    "f31b4bdf68",
    "6f701dc6e2",
    "a66c334342",
    "d343f6c28d",
    "81450c0ff8",
    "3b65997bc1",
    "10895d748e",
    "9478444c0e",
    "aa3a509ea5",
    "9598231874",
    "357764c14d",
    "0ba0fed99d",
    "7b54ae6b6d",
    "34fc1da890",
    "daa0bd1858",
    "721a6369c2",
    "1cf65606a8",
    "c981248fc8",
    "071fe41405",
    "60d4ad1e1f",
    "878b198858",
    "8dbb73ccf4",
    "ad3f02b78a",
    "dfe183b97d",
    "cb33ff9544",
    "356142e804",
    "3d4468a155",
    "0cfbd891eb",
    "4469c57c2f",
    "a40595a43c",
    "0c188553a4",
    "247919d481",
    "278a653aed",
    "706dc77870",
    "11fd2e9a44",
    "546fc7cb2e",
    "2daaff47ec",
    "de585c000c",
    "c63d60fe94"
  ],
  "trial_counter": 100,
  "best_val_acc": 0.9527897238731384,
  "rng_state": {
    "bit_generator": "PCG64",
    "state": {
      "state": 190403128474657261136617954246780678110,
      "inc": 278272906083703887290699702293328866393
    },
    "has_uint32": 0,
    "uinteger": 0
  },
  "timestamp": "2026-05-30T13:15:38.723280"
}